{
    "root_group": {
        "name": "",
        "path": "",
        "id": "d41d8cd98f00b204e9800998ecf8427e",
        "groups": {},
        "checks": {}
    },
    "metrics": {
        "http_req_receiving": {
            "p(99)": 0.44342162,
            "p(99.9)": 1.041263170000276,
            "max": 462.830071,
            "count": 242479,
            "min": 0.007341,
            "avg": 0.052874200334874416,
            "med": 0.019689,
            "p(10)": 0.013467
        },
        "http_req_connecting": {
            "min": 0,
            "avg": 0.06638820402591568,
            "med": 0,
            "p(10)": 0,
            "p(99)": 3.5549863200000003,
            "p(99.9)": 5.168139968000119,
            "max": 1039.041898,
            "count": 242479
        },
        "http_req_tls_handshaking": {
            "p(10)": 0,
            "p(99)": 0,
            "p(99.9)": 0,
            "max": 0,
            "count": 242479,
            "min": 0,
            "avg": 0,
            "med": 0
        },
        "data_sent": {
            "count": 20368236,
            "rate": 496223.5256134915
        },
        "http_req_blocked": {
            "count": 242479,
            "min": 0.000532,
            "avg": 0.06782030928864138,
            "med": 0.000916,
            "p(10)": 0.000692,
            "p(99)": 3.58011362,
            "p(99.9)": 5.202244756000142,
            "max": 1039.068901
        },
        "http_req_sending": {
            "med": 0.004922,
            "p(10)": 0.003786,
            "p(99)": 0.026981220000000004,
            "p(99.9)": 0.06358575400000151,
            "max": 0.644109,
            "count": 242479,
            "min": 0.002894,
            "avg": 0.005882829407907484
        },
        "http_req_waiting": {
            "avg": 68.25089330496391,
            "med": 41.747776,
            "p(10)": 5.172931999999999,
            "p(99)": 403.8325762,
            "p(99.9)": 501.1447108940242,
            "max": 1088.56721,
            "count": 242479,
            "min": 3.677083
        },
        "iteration_duration": {
            "p(10)": 5.2664682,
            "p(99)": 404.02573602,
            "p(99.9)": 504.6890498820263,
            "max": 1088.662692,
            "count": 242479,
            "min": 3.761219,
            "avg": 68.40841776323701,
            "med": 41.869107
        },
        "http_req_duration": {
            "avg": 68.30965033470483,
            "med": 41.803407,
            "p(10)": 5.2280038,
            "p(99)": 403.8982642,
            "p(99.9)": 502.114530246005,
            "max": 1088.60722,
            "count": 242479,
            "min": 3.71846
        },
        "data_received": {
            "count": 112305169,
            "rate": 2736047.78076015
        },
        "http_reqs": {
            "count": 242479,
            "rate": 5907.422923970137
        },
        "vus_max": {
            "value": 1000,
            "min": 1000,
            "max": 1000
        },
        "iterations": {
            "rate": 5907.422923970137,
            "count": 242479
        },
        "vus": {
            "value": 1,
            "min": 1,
            "max": 999
        }
    }
}